order_id,score
KO2610504,0.102384
KO2610505,0.072272
KO2610506,0.093467
KO2610507,0.011715
KO2610508,0.013453
KO2610509,0.036322
KO2610510,0.064343
KO2610511,0.203922
KO2610512,0.053374
KO2610513,0.495589
KO2610514,0.162887
KO2610515,0.057871
KO2610516,0.032337
KO2610517,0.239348
KO2610518,0.057454
KO2610519,0.055363
KO2610520,0.05181
KO2610521,0.288823
KO2610522,0.068363
KO2610523,0.047462
KO2610524,0.14809
KO2610525,0.198299
KO2610526,0.285572
KO2610527,0.009378
KO2610528,0.05136
KO2610529,0.075213
KO2610530,0.11429
KO2610531,0.035301
KO2610532,0.028036
KO2610533,0.024168
KO2610534,0.023086
KO2610535,0.024897
KO2610536,0.04625
KO2610537,0.055735
KO2610538,0.066549
KO2610539,0.29376
KO2610540,0.295528
KO2610541,0.105835
KO2610542,0.088459
KO2610543,0.108317
KO2610544,0.109583
KO2610545,0.126214
KO2610546,0.048885
KO2610547,0.079389
KO2610548,0.018299
KO2610549,0.100979
KO2610550,0.081428
KO2610551,0.083666
KO2610552,0.099142
KO2610553,0.023461
KO2610554,0.123805
KO2610555,0.310812
KO2610556,0.29045
KO2610557,0.305543
KO2610558,0.074131
KO2610559,0.045306
KO2610560,0.013933
KO2610561,0.110634
KO2610562,0.055021
KO2610563,0.008915
KO2610564,0.073886
KO2610565,0.225354
KO2610566,0.022893
KO2610567,0.057597
KO2610568,0.033012
KO2610569,0.167753
KO2610570,0.032789
KO2610571,0.074418
KO2610572,0.021895
KO2610573,0.292748
KO2610574,0.237843
KO2610575,0.310761
KO2610576,0.028438
KO2610577,0.10452
KO2610578,0.106035
KO2610579,0.061416
KO2610580,0.607853
KO2610581,0.169033
KO2610582,0.137431
KO2610583,0.094875
KO2610584,0.038178
KO2610585,0.082141
KO2610586,0.042289
KO2610587,0.203396
KO2610588,0.149174
KO2610589,0.041101
KO2610590,0.034549
KO2610591,0.020064
KO2610592,0.076536
KO2610593,0.262186
KO2610594,0.078483
KO2610595,0.021349
KO2610596,0.32849
KO2610597,0.010896
KO2610598,0.305865
KO2610599,0.085753
KO2610600,0.07761
KO2610601,0.054705
KO2610602,0.042678
KO2610603,0.099146
KO2610604,0.05979
KO2610605,0.025686
KO2610606,0.105411
KO2610607,0.116174
KO2610608,0.028533
KO2610609,0.028702
KO2610610,0.223939
KO2610611,0.087127
KO2610612,0.329463
KO2610613,0.027182
KO2610614,0.103742
KO2610615,0.025939
KO2610616,0.144291
KO2610617,0.184808
KO2610618,0.059792
KO2610619,0.031953
KO2610620,0.107901
KO2610621,0.38806
KO2610622,0.088341
KO2610623,0.093065
KO2610624,0.03801
KO2610625,0.207114
KO2610626,0.095503
KO2610627,0.312953
KO2610628,0.284266
KO2610629,0.027885
KO2610630,0.072079
KO2610631,0.074762
KO2610632,0.365545
KO2610633,0.08917
KO2610634,0.207113
KO2610635,0.128465
KO2610636,0.008506
KO2610637,0.08803
KO2610638,0.089681
KO2610639,0.010235
KO2610640,0.160035
KO2610641,0.033077
KO2610642,0.086584
KO2610643,0.031852
KO2610644,0.06548
KO2610645,0.031323
KO2610646,0.045231
KO2610647,0.251561
KO2610648,0.103661
KO2610649,0.335258
KO2610650,0.207859
KO2610651,0.069942
KO2610652,0.081679
KO2610653,0.048484
KO2610654,0.120566
KO2610655,0.011775
KO2610656,0.241522
KO2610657,0.035995
KO2610658,0.196125
KO2610659,0.271855
KO2610660,0.009795
KO2610661,0.114279
KO2610662,0.076393
KO2610663,0.069567
KO2610664,0.565049
KO2610665,0.22945
KO2610666,0.748519
KO2610667,0.156758
KO2610668,0.068904
KO2610669,0.068257
KO2610670,0.235356
KO2610671,0.065789
KO2610672,0.036198
KO2610673,0.118239
KO2610674,0.082657
KO2610675,0.046513
KO2610676,0.114182
KO2610677,0.033335
KO2610678,0.014417
KO2610679,0.463524
KO2610680,0.013566
KO2610681,0.02402
KO2610682,0.081726
KO2610683,0.032526
KO2610684,0.037382
KO2610685,0.149054
KO2610686,0.254365
KO2610687,0.037315
KO2610688,0.06659
KO2610689,0.162141
KO2610690,0.029095
KO2610691,0.123411
KO2610692,0.092179
KO2610693,0.035703
KO2610694,0.074468
KO2610695,0.662848
KO2610696,0.11835
KO2610697,0.116422
KO2610698,0.047804
KO2610699,0.034048
KO2610700,0.050671
KO2610701,0.034763
KO2610702,0.088601
KO2610703,0.145499
KO2610704,0.038568
KO2610705,0.813624
KO2610706,0.347168
KO2610707,0.057419
KO2610708,0.060502
KO2610709,0.078487
KO2610710,0.248098
KO2610711,0.131478
KO2610712,0.419288
KO2610713,0.070686
KO2610714,0.183404
KO2610715,0.028447
KO2610716,0.054868
KO2610717,0.021505
KO2610718,0.065336
KO2610719,0.034988
KO2610720,0.109158
KO2610721,0.114692
KO2610722,0.075095
KO2610723,0.259281
KO2610724,0.021588
KO2610725,0.033895
KO2610726,0.079897
KO2610727,0.091662
KO2610728,0.263154
KO2610729,0.087416
KO2610730,0.050404
KO2610731,0.093974
KO2610732,0.031982
KO2610733,0.047205
KO2610734,0.130118
KO2610735,0.143865
KO2610736,0.086085
KO2610737,0.042533
KO2610738,0.035473
KO2610739,0.093799
KO2610740,0.045839
KO2610741,0.054732
KO2610742,0.086617
KO2610743,0.10059
KO2610744,0.049963
KO2610745,0.088562
KO2610746,0.166497
KO2610747,0.026899
KO2610748,0.377005
KO2610749,0.087976
KO2610750,0.071827
KO2610751,0.054068
KO2610752,0.018387
KO2610753,0.102462
KO2610754,0.125522
KO2610755,0.516138
KO2610756,0.039775
KO2610757,0.182501
KO2610758,0.06137
KO2610759,0.125654
KO2610760,0.065386
KO2610761,0.169751
KO2610762,0.178072
KO2610763,0.058449
KO2610764,0.00914
KO2610765,0.203417
KO2610766,0.123247
KO2610767,0.027044
KO2610768,0.025749
KO2610769,0.07149
KO2610770,0.043698
KO2610771,0.05297
KO2610772,0.537835
KO2610773,0.012205
KO2610774,0.134947
KO2610775,0.262915
KO2610776,0.033315
KO2610777,0.444433
KO2610778,0.094641
KO2610779,0.018386
KO2610780,0.014331
KO2610781,0.07677
KO2610782,0.330151
KO2610783,0.088657
KO2610784,0.022422
KO2610785,0.336392
KO2610786,0.034695
KO2610787,0.034496
KO2610788,0.033988
KO2610789,0.248526
KO2610790,0.697453
KO2610791,0.144621
KO2610792,0.026761
KO2610793,0.091848
KO2610794,0.039916
KO2610795,0.298023
KO2610796,0.074429
KO2610797,0.101797
KO2610798,0.026384
KO2610799,0.084838
KO2610800,0.186
KO2610801,0.123029
KO2610802,0.043728
KO2610803,0.076271
KO2610804,0.062814
KO2610805,0.094751
KO2610806,0.120082
KO2610807,0.033578
KO2610808,0.051817
KO2610809,0.045571
KO2610810,0.105052
KO2610811,0.103776
KO2610812,0.203207
KO2610813,0.014695
KO2610814,0.823769
KO2610815,0.06649
KO2610816,0.011959
KO2610817,0.172719
KO2610818,0.412802
KO2610819,0.072901
KO2610820,0.086475
KO2610821,0.195922
KO2610822,0.031597
KO2610823,0.049643
KO2610824,0.010859
KO2610825,0.018941
KO2610826,0.048584
KO2610827,0.084969
KO2610828,0.091845
KO2610829,0.221435
KO2610830,0.124758
KO2610831,0.036412
KO2610832,0.0583
KO2610833,0.072849
KO2610834,0.054296
KO2610835,0.068047
KO2610836,0.05043
KO2610837,0.061871
KO2610838,0.153605
KO2610839,0.019929
KO2610840,0.045201
KO2610841,0.166752
KO2610842,0.102211
KO2610843,0.135037
KO2610844,0.067381
KO2610845,0.116443
KO2610846,0.166212
KO2610847,0.020309
KO2610848,0.013946
KO2610849,0.034442
KO2610850,0.02238
KO2610851,0.027932
KO2610852,0.060151
KO2610853,0.189165
KO2610854,0.291275
KO2610855,0.082911
KO2610856,0.064219
KO2610857,0.050403
KO2610858,0.686414
KO2610859,0.074942
KO2610860,0.714434
KO2610861,0.093514
KO2610862,0.070933
KO2610863,0.08094
KO2610864,0.077184
KO2610865,0.009288
KO2610866,0.05841
KO2610867,0.068406
KO2610868,0.211362
KO2610869,0.015819
KO2610870,0.053356
KO2610871,0.02033
KO2610872,0.023957
KO2610873,0.228465
KO2610874,0.299767
KO2610875,0.026657
KO2610876,0.188454
KO2610877,0.530324
KO2610878,0.038957
KO2610879,0.089403
KO2610880,0.051717
KO2610881,0.018152
KO2610882,0.04693
KO2610883,0.037386
KO2610884,0.025506
KO2610885,0.177559
KO2610886,0.13854
KO2610887,0.092524
KO2610888,0.055358
KO2610889,0.071154
KO2610890,0.204619
KO2610891,0.092073
KO2610892,0.21003
KO2610893,0.030205
KO2610894,0.099114
KO2610895,0.394179
KO2610896,0.355287
KO2610897,0.189295
KO2610898,0.022193
KO2610899,0.397565
KO2610900,0.047701
KO2610901,0.026791
KO2610902,0.102879
KO2610903,0.0123
KO2610904,0.11938
KO2610905,0.090429
KO2610906,0.030132
KO2610907,0.30045
KO2610908,0.066002
KO2610909,0.265408
KO2610910,0.115843
KO2610911,0.111704
KO2610912,0.107378
KO2610913,0.023653
KO2610914,0.024348
KO2610915,0.043338
KO2610916,0.03553
KO2610917,0.069675
KO2610918,0.079423
KO2610919,0.133228
KO2610920,0.031317
KO2610921,0.06735
KO2610922,0.020085
KO2610923,0.049866
KO2610924,0.042935
KO2610925,0.016385
KO2610926,0.171395
KO2610927,0.174581
KO2610928,0.077506
KO2610929,0.009781
KO2610930,0.008861
KO2610931,0.24287
KO2610932,0.019276
KO2610933,0.036846
KO2610934,0.018474
KO2610935,0.010364
KO2610936,0.02669
KO2610937,0.197839
KO2610938,0.012083
KO2610939,0.069507
KO2610940,0.18126
KO2610941,0.111813
KO2610942,0.024683
KO2610943,0.337089
KO2610944,0.502305
KO2610945,0.051015
KO2610946,0.045576
KO2610947,0.020412
KO2610948,0.28517
KO2610949,0.121305
KO2610950,0.017016
KO2610951,0.01191
KO2610952,0.119459
KO2610953,0.046402
KO2610954,0.19362
KO2610955,0.048619
KO2610956,0.232414
KO2610957,0.013476
KO2610958,0.119324
KO2610959,0.205815
KO2610960,0.36473
KO2610961,0.025118
KO2610962,0.131473
KO2610963,0.046309
KO2610964,0.066888
KO2610965,0.034313
KO2610966,0.080802
KO2610967,0.067628
KO2610968,0.134413
KO2610969,0.227687
KO2610970,0.600569
KO2610971,0.021752
KO2610972,0.067664
KO2610973,0.121945
KO2610974,0.01296
KO2610975,0.077027
KO2610976,0.051489
KO2610977,0.087434
KO2610978,0.84631
KO2610979,0.092913
KO2610980,0.018553
KO2610981,0.067513
KO2610982,0.019105
KO2610983,0.151662
KO2610984,0.01293
KO2610985,0.02753
KO2610986,0.03403
KO2610987,0.090352
KO2610988,0.014453
KO2610989,0.02148
KO2610990,0.085668
KO2610991,0.033628
KO2610992,0.014907
KO2610993,0.035017
KO2610994,0.182213
KO2610995,0.079513
KO2610996,0.041037
KO2610997,0.131022
KO2610998,0.164985
KO2610999,0.018681
KO2611000,0.095515
KO2611001,0.009832
KO2611002,0.017105
KO2611003,0.256553
KO2611004,0.06029
KO2611005,0.029426
KO2611006,0.046152
KO2611007,0.013623
KO2611008,0.339594
KO2611009,0.043318
KO2611010,0.030678
KO2611011,0.031627
KO2611012,0.086727
KO2611013,0.195254
KO2611014,0.049784
KO2611015,0.060319
KO2611016,0.086218
KO2611017,0.029924
KO2611018,0.819912
KO2611019,0.159052
KO2611020,0.048183
KO2611021,0.047031
KO2611022,0.03203
KO2611023,0.198437
KO2611024,0.168423
KO2611025,0.080736
KO2611026,0.108166
KO2611027,0.014071
KO2611028,0.04945
KO2611029,0.181775
KO2611030,0.204831
KO2611031,0.024999
KO2611032,0.010847
KO2611033,0.407756
KO2611034,0.023295
KO2611035,0.090248
KO2611036,0.219734
KO2611037,0.106709
KO2611038,0.067219
KO2611039,0.039154
KO2611040,0.208121
KO2611041,0.186108
KO2611042,0.108178
KO2611043,0.128784
KO2611044,0.018274
KO2611045,0.033886
KO2611046,0.365986
KO2611047,0.04881
KO2611048,0.044781
KO2611049,0.018843
KO2611050,0.033674
KO2611051,0.065235
KO2611052,0.094199
KO2611053,0.337762
KO2611054,0.132397
KO2611055,0.049569
KO2611056,0.107611
KO2611057,0.057805
KO2611058,0.255304
KO2611059,0.174462
KO2611060,0.035076
KO2611061,0.016551
KO2611062,0.048508
KO2611063,0.091007
KO2611064,0.058217
KO2611065,0.076598
KO2611066,0.236839
KO2611067,0.183111
KO2611068,0.267593
KO2611069,0.030118
KO2611070,0.297488
KO2611071,0.841632
KO2611072,0.528816
KO2611073,0.038683
KO2611074,0.045236
KO2611075,0.736429
KO2611076,0.029775
KO2611077,0.056935
KO2611078,0.303259
KO2611079,0.074369
KO2611080,0.010338
KO2611081,0.109179
KO2611082,0.072193
KO2611083,0.125492
KO2611084,0.113911
KO2611085,0.185237
KO2611086,0.092772
KO2611087,0.273361
KO2611088,0.050827
KO2611089,0.075107
KO2611090,0.039312
KO2611091,0.046961
KO2611092,0.087205
KO2611093,0.068712
KO2611094,0.08722
KO2611095,0.017342
KO2611096,0.058967
KO2611097,0.015775
KO2611098,0.027492
KO2611099,0.064838
KO2611100,0.041904
KO2611101,0.121413
KO2611102,0.054487
KO2611103,0.051619
KO2611104,0.013993
KO2611105,0.014167
KO2611106,0.272584
KO2611107,0.025534
KO2611108,0.137046
KO2611109,0.05206
KO2611110,0.11661
KO2611111,0.453868
KO2611112,0.034572
KO2611113,0.087248
KO2611114,0.023196
KO2611115,0.043621
KO2611116,0.103846
KO2611117,0.114347
KO2611118,0.103703
KO2611119,0.054061
KO2611120,0.07894
KO2611121,0.099608
KO2611122,0.192835
KO2611123,0.030429
KO2611124,0.070907
KO2611125,0.068502
KO2611126,0.253748
KO2611127,0.094541
KO2611128,0.016499
KO2611129,0.014305
KO2611130,0.041106
KO2611131,0.044411
KO2611132,0.090952
KO2611133,0.137068
KO2611134,0.082672
KO2611135,0.025787
KO2611136,0.043662
KO2611137,0.023912
KO2611138,0.022978
KO2611139,0.224471
KO2611140,0.14868
KO2611141,0.111221
KO2611142,0.029454
KO2611143,0.493219
KO2611144,0.135091
KO2611145,0.160846
KO2611146,0.038781
KO2611147,0.080254
KO2611148,0.096089
KO2611149,0.043718
KO2611150,0.217999
KO2611151,0.320067
KO2611152,0.067333
KO2611153,0.08164
KO2611154,0.040788
KO2611155,0.032486
KO2611156,0.084084
KO2611157,0.018581
KO2611158,0.023289
KO2611159,0.124382
KO2611160,0.035255
KO2611161,0.034051
KO2611162,0.143478
KO2611163,0.082927
KO2611164,0.260051
KO2611165,0.044041
KO2611166,0.056153
KO2611167,0.020896
KO2611168,0.521719
KO2611169,0.11635
KO2611170,0.212983
KO2611171,0.012073
KO2611172,0.093263
KO2611173,0.016129
KO2611174,0.098881
KO2611175,0.17443
KO2611176,0.1223
KO2611177,0.142297
KO2611178,0.089115
KO2611179,0.038106
KO2611180,0.175722
KO2611181,0.085421
KO2611182,0.052582
KO2611183,0.014746
KO2611184,0.245201
KO2611185,0.13242
KO2611186,0.244958
KO2611187,0.642366
KO2611188,0.04638
KO2611189,0.038479
KO2611190,0.015197
KO2611191,0.024852
KO2611192,0.032489
KO2611193,0.167273
KO2611194,0.023279
KO2611195,0.015048
KO2611196,0.048568
KO2611197,0.058075
KO2611198,0.092502
KO2611199,0.37896
KO2611200,0.118666
KO2611201,0.192024
KO2611202,0.398781
KO2611203,0.118801
KO2611204,0.108972
KO2611205,0.065777
KO2611206,0.050476
KO2611207,0.184879
KO2611208,0.135694
KO2611209,0.072533
KO2611210,0.67665
KO2611211,0.104706
KO2611212,0.101234
KO2611213,0.606726
KO2611214,0.089979
KO2611215,0.024052
KO2611216,0.113629
KO2611217,0.301929
KO2611218,0.042265
KO2611219,0.029178
KO2611220,0.108364
KO2611221,0.016009
KO2611222,0.064017
KO2611223,0.962157
KO2611224,0.115354
KO2611225,0.31696
KO2611226,0.018554
KO2611227,0.028736
KO2611228,0.047178
KO2611229,0.039095
KO2611230,0.021959
KO2611231,0.031741
KO2611232,0.084248
KO2611233,0.086574
KO2611234,0.152164
KO2611235,0.089047
KO2611236,0.206886
KO2611237,0.015724
KO2611238,0.040625
KO2611239,0.142558
KO2611240,0.059772
KO2611241,0.058958
KO2611242,0.149338
KO2611243,0.178822
KO2611244,0.060206
KO2611245,0.053743
KO2611246,0.062234
KO2611247,0.26586
KO2611248,0.399953
KO2611249,0.01376
KO2611250,0.066554
KO2611251,0.211356
KO2611252,0.025116
KO2611253,0.170047
KO2611254,0.023646
KO2611255,0.07171
KO2611256,0.01141
KO2611257,0.064128
KO2611258,0.049726
KO2611259,0.141416
KO2611260,0.105053
KO2611261,0.231199
KO2611262,0.200159
KO2611263,0.081646
KO2611264,0.031739
KO2611265,0.18064
KO2611266,0.198168
KO2611267,0.292563
KO2611268,0.035863
KO2611269,0.092901
KO2611270,0.096666
KO2611271,0.018327
KO2611272,0.060454
KO2611273,0.025322
KO2611274,0.294555
KO2611275,0.020358
KO2611276,0.082789
KO2611277,0.531601
KO2611278,0.023236
KO2611279,0.042235
KO2611280,0.15651
KO2611281,0.069487
KO2611282,0.118925
KO2611283,0.095948
KO2611284,0.07897
KO2611285,0.175783
KO2611286,0.190902
KO2611287,0.083328
KO2611288,0.042856
KO2611289,0.071594
KO2611290,0.022773
KO2611291,0.031533
KO2611292,0.297102
KO2611293,0.181387
KO2611294,0.053259
KO2611295,0.328009
KO2611296,0.036749
KO2611297,0.166114
KO2611298,0.174344
KO2611299,0.03854
KO2611300,0.16047
KO2611301,0.024502
KO2611302,0.027948
KO2611303,0.052982
KO2611304,0.05681
KO2611305,0.035813
KO2611306,0.061236
KO2611307,0.472947
KO2611308,0.062772
KO2611309,0.1188
KO2611310,0.032626
KO2611311,0.134057
KO2611312,0.040422
KO2611313,0.039435
KO2611314,0.024731
KO2611315,0.166623
KO2611316,0.060775
KO2611317,0.119775
KO2611318,0.055625
KO2611319,0.085111
KO2611320,0.148309
KO2611321,0.066134
KO2611322,0.146652
KO2611323,0.024142
KO2611324,0.707317
KO2611325,0.027156
KO2611326,0.067265
KO2611327,0.242734
KO2611328,0.015905
KO2611329,0.244398
KO2611330,0.012131
KO2611331,0.191526
KO2611332,0.020763
KO2611333,0.39372
KO2611334,0.049557
KO2611335,0.030365
KO2611336,0.094081
KO2611337,0.021579
KO2611338,0.03389
KO2611339,0.058587
KO2611340,0.201065
KO2611341,0.046795
KO2611342,0.11414
KO2611343,0.028661
KO2611344,0.174317
KO2611345,0.037527
KO2611346,0.255966
KO2611347,0.030529
KO2611348,0.740587
KO2611349,0.240295
KO2611350,0.069987
KO2611351,0.035761
KO2611352,0.117506
KO2611353,0.017341
KO2611354,0.092657
KO2611355,0.083688
KO2611356,0.095471
KO2611357,0.171837
KO2611358,0.017273
KO2611359,0.060859
KO2611360,0.07224
KO2611361,0.063186
KO2611362,0.111259
KO2611363,0.05686
KO2611364,0.046425
KO2611365,0.076217
KO2611366,0.039322
KO2611367,0.42762
KO2611368,0.053075
KO2611369,0.010035
KO2611370,0.051863
KO2611371,0.062852
KO2611372,0.460109
KO2611373,0.014156
KO2611374,0.014209
KO2611375,0.132688
KO2611376,0.087745
KO2611377,0.040624
KO2611378,0.135816
KO2611379,0.198237
KO2611380,0.046366
KO2611381,0.074895
KO2611382,0.194338
KO2611383,0.02163
KO2611384,0.07767
KO2611385,0.033363
KO2611386,0.172184
KO2611387,0.183749
KO2611388,0.057634
KO2611389,0.243463
KO2611390,0.031973
KO2611391,0.047154
KO2611392,0.027507
KO2611393,0.061849
KO2611394,0.145069
KO2611395,0.028553
KO2611396,0.135042
KO2611397,0.112557
KO2611398,0.386999
KO2611399,0.246063
KO2611400,0.034344
KO2611401,0.071061
KO2611402,0.449923
KO2611403,0.103527
KO2611404,0.044701
KO2611405,0.013579
KO2611406,0.046345
KO2611407,0.041305
KO2611408,0.067722
KO2611409,0.043594
KO2611410,0.044381
KO2611411,0.03821
KO2611412,0.195741
KO2611413,0.056445
KO2611414,0.135792
KO2611415,0.098788
KO2611416,0.0265
KO2611417,0.04589
KO2611418,0.128867
KO2611419,0.059075
KO2611420,0.249848
KO2611421,0.07187
KO2611422,0.015755
KO2611423,0.046055
KO2611424,0.024066
KO2611425,0.05858
KO2611426,0.04535
KO2611427,0.039025
KO2611428,0.064845
KO2611429,0.05056
KO2611430,0.013925
KO2611431,0.068297
KO2611432,0.069523
KO2611433,0.443161
KO2611434,0.062206
KO2611435,0.135305
KO2611436,0.015906
KO2611437,0.017949
KO2611438,0.008581
KO2611439,0.290695
KO2611440,0.099957
KO2611441,0.026103
KO2611442,0.072609
KO2611443,0.01642
KO2611444,0.098467
KO2611445,0.11772
KO2611446,0.04048
KO2611447,0.124242
KO2611448,0.056523
KO2611449,0.010649
KO2611450,0.036054
KO2611451,0.143206
KO2611452,0.1197
KO2611453,0.39448
KO2611454,0.081285
KO2611455,0.130315
KO2611456,0.047604
KO2611457,0.037299
KO2611458,0.038866
KO2611459,0.073515
KO2611460,0.152759
KO2611461,0.036243
KO2611462,0.045279
KO2611463,0.0107
KO2611464,0.048793
KO2611465,0.026584
KO2611466,0.081537
KO2611467,0.098482
KO2611468,0.031982
KO2611469,0.084703
KO2611470,0.150333
KO2611471,0.30836
KO2611472,0.238098
KO2611473,0.167735
KO2611474,0.027807
KO2611475,0.030378
KO2611476,0.058686
KO2611477,0.025659
KO2611478,0.048536
KO2611479,0.039191
KO2611480,0.0451
KO2611481,0.030684
KO2611482,0.053017
KO2611483,0.052179
KO2611484,0.028288
KO2611485,0.072042
KO2611486,0.143442
KO2611487,0.04307
KO2611488,0.123453
KO2611489,0.128041
KO2611490,0.101739
KO2611491,0.156548
KO2611492,0.108712
KO2611493,0.028634
KO2611494,0.533905
KO2611495,0.09626
KO2611496,0.031971
KO2611497,0.084935
KO2611498,0.093658
KO2611499,0.205869
KO2611500,0.039076
KO2611501,0.018456
KO2611502,0.037657
KO2611503,0.217517
KO2611504,0.043269
KO2611505,0.188987
KO2611506,0.015635
KO2611507,0.095586
KO2611508,0.024174
KO2611509,0.095535
KO2611510,0.119314
KO2611511,0.239212
KO2611512,0.18374
KO2611513,0.079679
KO2611514,0.052528
KO2611515,0.058182
KO2611516,0.017881
KO2611517,0.056553
KO2611518,0.024187
KO2611519,0.075955
KO2611520,0.248995
KO2611521,0.01926
KO2611522,0.030043
KO2611523,0.15823
KO2611524,0.087936
KO2611525,0.030415
KO2611526,0.077612
KO2611527,0.022408
KO2611528,0.179854
KO2611529,0.019765
KO2611530,0.050995
KO2611531,0.095542
KO2611532,0.024316
KO2611533,0.021166
KO2611534,0.065401
KO2611535,0.164495
KO2611536,0.08998
KO2611537,0.042155
KO2611538,0.066806
KO2611539,0.061852
KO2611540,0.957844
KO2611541,0.03004
KO2611542,0.138924
KO2611543,0.079272
KO2611544,0.031522
KO2611545,0.017381
KO2611546,0.042827
KO2611547,0.015317
KO2611548,0.048506
KO2611549,0.087634
KO2611550,0.03235
KO2611551,0.03423
KO2611552,0.011019
KO2611553,0.020702
KO2611554,0.053262
KO2611555,0.100645
KO2611556,0.032594
KO2611557,0.330564
KO2611558,0.024655
KO2611559,0.856592
KO2611560,0.09209
KO2611561,0.316873
KO2611562,0.029686
KO2611563,0.439883
KO2611564,0.037864
KO2611565,0.039642
KO2611566,0.014252
KO2611567,0.324634
KO2611568,0.044472
KO2611569,0.114217
KO2611570,0.081155
KO2611571,0.024085
KO2611572,0.189253
KO2611573,0.05073
KO2611574,0.061661
KO2611575,0.028747
KO2611576,0.282288
KO2611577,0.09127
KO2611578,0.653791
KO2611579,0.035762
KO2611580,0.501973
KO2611581,0.037832
KO2611582,0.01342
KO2611583,0.082464
KO2611584,0.171137
KO2611585,0.149044
KO2611586,0.101308
KO2611587,0.051914
KO2611588,0.023078
KO2611589,0.545789
KO2611590,0.027646
KO2611591,0.143595
KO2611592,0.102941
KO2611593,0.640853
KO2611594,0.129458
KO2611595,0.035365
KO2611596,0.169966
KO2611597,0.034271
KO2611598,0.130442
KO2611599,0.073512
KO2611600,0.064571
KO2611601,0.138688
KO2611602,0.053523
KO2611603,0.019434
KO2611604,0.10023
KO2611605,0.023989
KO2611606,0.033529
KO2611607,0.13241
KO2611608,0.06554
KO2611609,0.196085
KO2611610,0.09655
KO2611611,0.159069
KO2611612,0.15181
KO2611613,0.210342
KO2611614,0.072967
KO2611615,0.163408
KO2611616,0.050209
KO2611617,0.075531
KO2611618,0.014007
KO2611619,0.039496
KO2611620,0.069554
KO2611621,0.013305
KO2611622,0.512464
KO2611623,0.01086
KO2611624,0.132718
KO2611625,0.037152
KO2611626,0.041339
KO2611627,0.042041
KO2611628,0.079538
KO2611629,0.017998
KO2611630,0.052185
KO2611631,0.029817
KO2611632,0.46198
KO2611633,0.028184
KO2611634,0.015528
KO2611635,0.046382
KO2611636,0.065936
KO2611637,0.190604
KO2611638,0.094533
KO2611639,0.045786
KO2611640,0.22806
KO2611641,0.03481
KO2611642,0.262176
KO2611643,0.762032
KO2611644,0.020293
KO2611645,0.563794
KO2611646,0.057473
KO2611647,0.050671
KO2611648,0.035356
KO2611649,0.296174
KO2611650,0.05439
KO2611651,0.135389
KO2611652,0.069264
KO2611653,0.406566
KO2611654,0.123397
KO2611655,0.183488
KO2611656,0.142629
KO2611657,0.030057
KO2611658,0.066291
KO2611659,0.054315
KO2611660,0.031316
KO2611661,0.017817
KO2611662,0.037547
KO2611663,0.150744
KO2611664,0.313314
KO2611665,0.257454
KO2611666,0.122797
KO2611667,0.012523
KO2611668,0.026679
KO2611669,0.069977
KO2611670,0.172492
KO2611671,0.086292
KO2611672,0.03165
KO2611673,0.042295
KO2611674,0.51076
KO2611675,0.232756
KO2611676,0.057588
KO2611677,0.322919
KO2611678,0.194839
KO2611679,0.066472
KO2611680,0.056663
KO2611681,0.214591
KO2611682,0.026694
KO2611683,0.760544
KO2611684,0.091343
KO2611685,0.015743
KO2611686,0.327968
KO2611687,0.057098
KO2611688,0.066914
KO2611689,0.123281
KO2611690,0.033131
KO2611691,0.147786
KO2611692,0.036159
KO2611693,0.037569
KO2611694,0.730059
KO2611695,0.107151
KO2611696,0.669855
KO2611697,0.105636
KO2611698,0.050119
KO2611699,0.079844
KO2611700,0.160799
KO2611701,0.022476
KO2611702,0.139432
KO2611703,0.092147
KO2611704,0.019408
KO2611705,0.056244
KO2611706,0.155571
KO2611707,0.026713
KO2611708,0.170024
KO2611709,0.076692
KO2611710,0.102024
KO2611711,0.113345
KO2611712,0.08848
KO2611713,0.011955
KO2611714,0.114967
KO2611715,0.016386
KO2611716,0.042888
KO2611717,0.18181
KO2611718,0.149473
KO2611719,0.0207
KO2611720,0.201658
KO2611721,0.098833
KO2611722,0.308975
KO2611723,0.024093
KO2611724,0.024289
KO2611725,0.036034
KO2611726,0.030687
KO2611727,0.047307
KO2611728,0.065625
KO2611729,0.027313
KO2611730,0.062148
KO2611731,0.148462
KO2611732,0.123364
KO2611733,0.104439
KO2611734,0.083043
KO2611735,0.039632
KO2611736,0.516799
KO2611737,0.073512
KO2611738,0.043288
KO2611739,0.026371
KO2611740,0.225505
KO2611741,0.118059
KO2611742,0.018951
KO2611743,0.068959
KO2611744,0.045424
KO2611745,0.055296
KO2611746,0.125618
KO2611747,0.093367
KO2611748,0.070912
KO2611749,0.149831
KO2611750,0.019539
KO2611751,0.041788
KO2611752,0.110757
KO2611753,0.057984
KO2611754,0.068589
KO2611755,0.020278
KO2611756,0.117574
KO2611757,0.056814
KO2611758,0.139422
KO2611759,0.036146
KO2611760,0.133566
KO2611761,0.322006
KO2611762,0.099175
KO2611763,0.04366
KO2611764,0.082856
KO2611765,0.261988
KO2611766,0.025118
KO2611767,0.084594
KO2611768,0.304776
KO2611769,0.09142
KO2611770,0.352997
KO2611771,0.025772
KO2611772,0.034446
KO2611773,0.030624
KO2611774,0.112544
KO2611775,0.102071
KO2611776,0.077745
KO2611777,0.148413
KO2611778,0.032189
KO2611779,0.08121
KO2611780,0.026628
KO2611781,0.125224
KO2611782,0.049691
KO2611783,0.115558
KO2611784,0.44566
KO2611785,0.052542
KO2611786,0.028768
KO2611787,0.015332
KO2611788,0.034904
KO2611789,0.06451
KO2611790,0.338792
KO2611791,0.109681
KO2611792,0.033833
KO2611793,0.086354
KO2611794,0.330996
KO2611795,0.163697
KO2611796,0.090957
KO2611797,0.035744
KO2611798,0.120445
KO2611799,0.418113
KO2611800,0.212454
KO2611801,0.026752
KO2611802,0.12962
KO2611803,0.079824
KO2611804,0.191075
KO2611805,0.05636
KO2611806,0.019067
KO2611807,0.042197
KO2611808,0.020304
KO2611809,0.114297
KO2611810,0.027713
KO2611811,0.131117
KO2611812,0.137454
KO2611813,0.022928
KO2611814,0.012884
KO2611815,0.082565
KO2611816,0.064475
KO2611817,0.046141
KO2611818,0.111115
KO2611819,0.29554
KO2611820,0.237958
KO2611821,0.032931
KO2611822,0.073582
KO2611823,0.014498
KO2611824,0.273639
KO2611825,0.180031
KO2611826,0.047915
KO2611827,0.052537
KO2611828,0.187181
KO2611829,0.080843
KO2611830,0.15196
KO2611831,0.083218
KO2611832,0.018828
KO2611833,0.133783
KO2611834,0.141365
KO2611835,0.01573
KO2611836,0.147549
KO2611837,0.092782
KO2611838,0.179555
KO2611839,0.462332
KO2611840,0.109965
KO2611841,0.141114
KO2611842,0.085967
KO2611843,0.131475
KO2611844,0.283054
KO2611845,0.049289
KO2611846,0.013647
KO2611847,0.076045
KO2611848,0.42942
KO2611849,0.127893
KO2611850,0.034209
KO2611851,0.075629
KO2611852,0.018736
KO2611853,0.035636
KO2611854,0.064786
KO2611855,0.164451
KO2611856,0.136904
KO2611857,0.135828
KO2611858,0.085419
KO2611859,0.042295
KO2611860,0.088996
KO2611861,0.213935
KO2611862,0.074752
KO2611863,0.043386
KO2611864,0.036661
KO2611865,0.235615
KO2611866,0.106516
KO2611867,0.022897
KO2611868,0.023232
KO2611869,0.052936
KO2611870,0.018592
KO2611871,0.043374
KO2611872,0.031866
KO2611873,0.047768
KO2611874,0.015584
KO2611875,0.105399
KO2611876,0.184392
KO2611877,0.051666
KO2611878,0.015244
KO2611879,0.00978
KO2611880,0.028142
KO2611881,0.219874
KO2611882,0.437211
KO2611883,0.236514
KO2611884,0.036449
KO2611885,0.146672
KO2611886,0.052488
KO2611887,0.032829
KO2611888,0.040562
KO2611889,0.016499
KO2611890,0.278909
KO2611891,0.324598
KO2611892,0.105929
KO2611893,0.085224
KO2611894,0.097166
KO2611895,0.102582
KO2611896,0.035633
KO2611897,0.109856
KO2611898,0.022889
KO2611899,0.030216
KO2611900,0.035178
KO2611901,0.145844
KO2611902,0.177371
KO2611903,0.463932
KO2611904,0.168627
KO2611905,0.023323
KO2611906,0.157438
KO2611907,0.08799
KO2611908,0.142878
KO2611909,0.91754
KO2611910,0.053531
KO2611911,0.048645
KO2611912,0.022135
KO2611913,0.073749
KO2611914,0.510117
KO2611915,0.026354
KO2611916,0.056398
KO2611917,0.035702
KO2611918,0.025296
KO2611919,0.134326
KO2611920,0.089123
KO2611921,0.016979
KO2611922,0.108703
KO2611923,0.065285
KO2611924,0.39168
KO2611925,0.041668
KO2611926,0.421001
KO2611927,0.099792
KO2611928,0.063835
KO2611929,0.208221
KO2611930,0.029233
KO2611931,0.020925
KO2611932,0.113904
KO2611933,0.017109
KO2611934,0.04511
KO2611935,0.289509
KO2611936,0.119269
KO2611937,0.060544
KO2611938,0.097197
KO2611939,0.020581
KO2611940,0.094265
KO2611941,0.032552
KO2611942,0.196612
KO2611943,0.397758
KO2611944,0.269374
KO2611945,0.024096
KO2611946,0.048363
KO2611947,0.15817
KO2611948,0.111576
KO2611949,0.085511
KO2611950,0.101785
KO2611951,0.018539
KO2611952,0.050972
KO2611953,0.030117
KO2611954,0.009684
KO2611955,0.039751
KO2611956,0.03244
KO2611957,0.229044
KO2611958,0.021615
KO2611959,0.077126
KO2611960,0.026522
KO2611961,0.127213
KO2611962,0.032004
KO2611963,0.044399
KO2611964,0.051717
KO2611965,0.137395
KO2611966,0.1704
KO2611967,0.064491
KO2611968,0.701471
KO2611969,0.044461
KO2611970,0.390874
KO2611971,0.097252
KO2611972,0.172358
KO2611973,0.12897
KO2611974,0.170664
KO2611975,0.118787
KO2611976,0.274053
KO2611977,0.082858
KO2611978,0.01254
KO2611979,0.038218
KO2611980,0.151312
KO2611981,0.043706
KO2611982,0.187636
KO2611983,0.028369
KO2611984,0.211799
KO2611985,0.042223
KO2611986,0.13008
KO2611987,0.185529
KO2611988,0.090869
KO2611989,0.179725
KO2611990,0.067651
KO2611991,0.071997
KO2611992,0.70405
KO2611993,0.100272
KO2611994,0.134776
KO2611995,0.050022
KO2611996,0.102662
KO2611997,0.02957
KO2611998,0.124371
KO2611999,0.027186
KO2612000,0.064391
KO2612001,0.100405
KO2612002,0.085947
KO2612003,0.087713
KO2612004,0.554159
KO2612005,0.024349
KO2612006,0.033958
KO2612007,0.04372
KO2612008,0.47068
KO2612009,0.13921
KO2612010,0.034508
KO2612011,0.107605
KO2612012,0.034618
KO2612013,0.128318
KO2612014,0.234326
KO2612015,0.048068
KO2612016,0.113068
KO2612017,0.123847
KO2612018,0.168458
KO2612019,0.120849
KO2612020,0.163337
KO2612021,0.042934
KO2612022,0.056882
KO2612023,0.387785
KO2612024,0.398696
KO2612025,0.043037
KO2612026,0.204502
KO2612027,0.15689
KO2612028,0.816511
KO2612029,0.485727
KO2612030,0.028442
KO2612031,0.072414
KO2612032,0.278926
KO2612033,0.072687
KO2612034,0.017777
KO2612035,0.045809
KO2612036,0.039426
KO2612037,0.209065
KO2612038,0.242677
KO2612039,0.091183
KO2612040,0.152137
KO2612041,0.37371
KO2612042,0.030513
KO2612043,0.026913
KO2612044,0.182283
KO2612045,0.039325
KO2612046,0.062566
KO2612047,0.024855
KO2612048,0.128245
KO2612049,0.03802
KO2612050,0.111856
KO2612051,0.023018
KO2612052,0.215579
KO2612053,0.024443
KO2612054,0.028127
KO2612055,0.111264
KO2612056,0.063669
KO2612057,0.037644
KO2612058,0.104462
KO2612059,0.026007
KO2612060,0.03216
KO2612061,0.0263
KO2612062,0.201859
KO2612063,0.015693
KO2612064,0.089414
KO2612065,0.122522
KO2612066,0.01882
KO2612067,0.046342
KO2612068,0.074464
KO2612069,0.070734
KO2612070,0.147216
KO2612071,0.298879
KO2612072,0.037463
KO2612073,0.252872
KO2612074,0.249884
KO2612075,0.121465
KO2612076,0.064622
KO2612077,0.04625
KO2612078,0.038171
KO2612079,0.016325
KO2612080,0.137111
KO2612081,0.046449
KO2612082,0.498179
KO2612083,0.451947
KO2612084,0.381807
KO2612085,0.038265
KO2612086,0.208383
KO2612087,0.125522
KO2612088,0.008134
KO2612089,0.035216
KO2612090,0.012384
KO2612091,0.022123
KO2612092,0.275368
KO2612093,0.08735
KO2612094,0.090373
KO2612095,0.121982
KO2612096,0.16113
KO2612097,0.295676
KO2612098,0.020531
KO2612099,0.032533
KO2612100,0.147437
KO2612101,0.033173
KO2612102,0.065364
KO2612103,0.041713
KO2612104,0.023201
KO2612105,0.020303
KO2612106,0.046239
KO2612107,0.016634
KO2612108,0.19279
KO2612109,0.13978
KO2612110,0.093161
KO2612111,0.013243
KO2612112,0.136915
KO2612113,0.079019
KO2612114,0.01308
KO2612115,0.124503
KO2612116,0.103206
KO2612117,0.034482
KO2612118,0.060674
KO2612119,0.030013
KO2612120,0.022171
KO2612121,0.160095
KO2612122,0.763507
KO2612123,0.212094
KO2612124,0.018611
KO2612125,0.037148
KO2612126,0.204978
KO2612127,0.05473
KO2612128,0.029926
KO2612129,0.03935
KO2612130,0.258767
KO2612131,0.04232
KO2612132,0.018582
KO2612133,0.202744
KO2612134,0.060842
KO2612135,0.100177
KO2612136,0.255862
KO2612137,0.363916
KO2612138,0.061705
KO2612139,0.040355
KO2612140,0.034279
KO2612141,0.012758
KO2612142,0.035373
KO2612143,0.010842
KO2612144,0.308637
KO2612145,0.292503
KO2612146,0.053035
KO2612147,0.452429
KO2612148,0.096522
KO2612149,0.04173
KO2612150,0.241636
KO2612151,0.042996
KO2612152,0.07049
KO2612153,0.352982
KO2612154,0.095961
KO2612155,0.980065
KO2612156,0.02014
KO2612157,0.011472
KO2612158,0.021563
KO2612159,0.109598
KO2612160,0.090154
KO2612161,0.074764
KO2612162,0.067602
KO2612163,0.315903
KO2612164,0.085724
KO2612165,0.095491
KO2612166,0.657305
KO2612167,0.036662
KO2612168,0.049449
KO2612169,0.296489
KO2612170,0.071282
KO2612171,0.055226
KO2612172,0.058884
KO2612173,0.034531
KO2612174,0.093613
KO2612175,0.146775
KO2612176,0.14032
KO2612177,0.052326
KO2612178,0.043347
KO2612179,0.760902
KO2612180,0.088026
KO2612181,0.097822
KO2612182,0.044109
KO2612183,0.574813
KO2612184,0.10822
KO2612185,0.072866
KO2612186,0.265444
KO2612187,0.280679
KO2612188,0.014129
KO2612189,0.076265
KO2612190,0.019478
KO2612191,0.031203
KO2612192,0.054577
KO2612193,0.039602
KO2612194,0.34892
KO2612195,0.191546
KO2612196,0.045229
KO2612197,0.0651
KO2612198,0.142716
KO2612199,0.037967
KO2612200,0.04568
KO2612201,0.152984
KO2612202,0.049998
KO2612203,0.064121
KO2612204,0.011594
KO2612205,0.055449
KO2612206,0.519218
KO2612207,0.203276
KO2612208,0.133407
KO2612209,0.01341
KO2612210,0.0998
KO2612211,0.116247
KO2612212,0.038464
KO2612213,0.073507
KO2612214,0.079354
KO2612215,0.077973
KO2612216,0.199136
KO2612217,0.106898
KO2612218,0.123603
KO2612219,0.053587
KO2612220,0.013484
KO2612221,0.018954
KO2612222,0.066671
KO2612223,0.070504
KO2612224,0.016393
KO2612225,0.047903
KO2612226,0.0222
KO2612227,0.150087
KO2612228,0.054695
KO2612229,0.034551
KO2612230,0.058671
KO2612231,0.029621
KO2612232,0.102615
KO2612233,0.029637
KO2612234,0.033792
KO2612235,0.140864
KO2612236,0.040208
KO2612237,0.060812
KO2612238,0.046303
KO2612239,0.030968
KO2612240,0.785913
KO2612241,0.287467
KO2612242,0.048435
KO2612243,0.229382
KO2612244,0.098525
KO2612245,0.056247
KO2612246,0.212122
KO2612247,0.08668
KO2612248,0.212152
KO2612249,0.056359
KO2612250,0.147238
KO2612251,0.027458
KO2612252,0.045759
KO2612253,0.165566
KO2612254,0.030026
KO2612255,0.027699
KO2612256,0.043323
KO2612257,0.160915
KO2612258,0.013644
KO2612259,0.130377
KO2612260,0.402272
KO2612261,0.445385
KO2612262,0.055783
KO2612263,0.128123
KO2612264,0.037725
KO2612265,0.114284
KO2612266,0.124251
KO2612267,0.072392
KO2612268,0.565734
KO2612269,0.134514
KO2612270,0.047533
KO2612271,0.029253
KO2612272,0.251827
KO2612273,0.11292
KO2612274,0.035916
KO2612275,0.436128
KO2612276,0.114625
KO2612277,0.315439
KO2612278,0.224108
KO2612279,0.069357
KO2612280,0.129055
KO2612281,0.1226
KO2612282,0.051767
KO2612283,0.157408
KO2612284,0.191065
KO2612285,0.056548
KO2612286,0.104338
KO2612287,0.116018
KO2612288,0.193588
KO2612289,0.031242
KO2612290,0.018516
KO2612291,0.105839
KO2612292,0.025467
KO2612293,0.04685
KO2612294,0.030871
KO2612295,0.015129
KO2612296,0.126646
KO2612297,0.103042
KO2612298,0.055147
KO2612299,0.039159
KO2612300,0.03106
KO2612301,0.055031
KO2612302,0.027356
KO2612303,0.028726
KO2612304,0.193827
KO2612305,0.036537
KO2612306,0.095433
KO2612307,0.949492
KO2612308,0.252412
KO2612309,0.040243
KO2612310,0.016497
KO2612311,0.025815
KO2612312,0.022532
KO2612313,0.357649
KO2612314,0.216946
KO2612315,0.217172
KO2612316,0.028426
KO2612317,0.115808
KO2612318,0.308743
KO2612319,0.128108
KO2612320,0.013879
KO2612321,0.024416
KO2612322,0.023374
KO2612323,0.017311
KO2612324,0.132478
KO2612325,0.137236
KO2612326,0.093745
KO2612327,0.165407
KO2612328,0.044989
KO2612329,0.113805
KO2612330,0.032041
KO2612331,0.075797
KO2612332,0.014347
KO2612333,0.143091
KO2612334,0.073686
KO2612335,0.187788
KO2612336,0.016804
KO2612337,0.044149
KO2612338,0.031513
KO2612339,0.222238
KO2612340,0.165795
KO2612341,0.04545
KO2612342,0.227876
KO2612343,0.012668
KO2612344,0.024279
KO2612345,0.103949
KO2612346,0.376761
KO2612347,0.229678
KO2612348,0.172886
KO2612349,0.073719
KO2612350,0.455026
KO2612351,0.14591
KO2612352,0.189065
KO2612353,0.036228
KO2612354,0.017742
KO2612355,0.056083
KO2612356,0.023819
KO2612357,0.576323
KO2612358,0.076458
KO2612359,0.05136
KO2612360,0.030241
KO2612361,0.101336
KO2612362,0.189901
KO2612363,0.027973
KO2612364,0.052598
KO2612365,0.113028
KO2612366,0.024697
KO2612367,0.038695
KO2612368,0.062767
KO2612369,0.011933
KO2612370,0.034946
KO2612371,0.153214
KO2612372,0.040432
KO2612373,0.025268
KO2612374,0.015283
KO2612375,0.028154
KO2612376,0.060829
KO2612377,0.017452
KO2612378,0.185176
KO2612379,0.05693
KO2612380,0.405957
KO2612381,0.01446
KO2612382,0.308666
KO2612383,0.219158
KO2612384,0.079762
KO2612385,0.017061
KO2612386,0.09511
KO2612387,0.053725
KO2612388,0.045813
KO2612389,0.03802
KO2612390,0.126123
KO2612391,0.06684
KO2612392,0.061466
KO2612393,0.102142
KO2612394,0.016138
KO2612395,0.110748
KO2612396,0.041633
KO2612397,0.146286
KO2612398,0.092831
KO2612399,0.035845
KO2612400,0.1217
KO2612401,0.061527
KO2612402,0.04349
KO2612403,0.046987
KO2612404,0.27372
KO2612405,0.186681
KO2612406,0.108839
KO2612407,0.217394
KO2612408,0.097893
KO2612409,0.261375
KO2612410,0.097678
KO2612411,0.151711
KO2612412,0.048703
KO2612413,0.277919
KO2612414,0.097323
KO2612415,0.022925
KO2612416,0.035741
KO2612417,0.058588
KO2612418,0.07683
KO2612419,0.138737
KO2612420,0.034634
KO2612421,0.019875
KO2612422,0.165511
KO2612423,0.123198
KO2612424,0.013826
KO2612425,0.076246
KO2612426,0.043529
KO2612427,0.096906
KO2612428,0.197493
KO2612429,0.344757
KO2612430,0.013597
KO2612431,0.120183
KO2612432,0.155641
KO2612433,0.040916
KO2612434,0.089728
KO2612435,0.055604
KO2612436,0.059219
KO2612437,0.030487
KO2612438,0.053628
KO2612439,0.214163
KO2612440,0.031361
KO2612441,0.149556
KO2612442,0.139874
KO2612443,0.045771
KO2612444,0.016835
KO2612445,0.256426
KO2612446,0.084949
KO2612447,0.027729
KO2612448,0.032431
KO2612449,0.058439
KO2612450,0.210274
KO2612451,0.041144
KO2612452,0.141794
KO2612453,0.030889
KO2612454,0.183222
KO2612455,0.021409
KO2612456,0.091132
KO2612457,0.194248
KO2612458,0.689666
KO2612459,0.265512
KO2612460,0.049482
KO2612461,0.042617
KO2612462,0.10962
KO2612463,0.282317
KO2612464,0.03302
KO2612465,0.239051
KO2612466,0.34782
KO2612467,0.031185
KO2612468,0.306054
KO2612469,0.192335
KO2612470,0.11182
KO2612471,0.014163
KO2612472,0.067392
KO2612473,0.020738
KO2612474,0.048745
KO2612475,0.011598
KO2612476,0.03445
KO2612477,0.079968
KO2612478,0.289408
KO2612479,0.253976
KO2612480,0.204877
KO2612481,0.106469
KO2612482,0.031301
KO2612483,0.149513
KO2612484,0.065352
KO2612485,0.126116
KO2612486,0.160407
KO2612487,0.055321
KO2612488,0.048826
KO2612489,0.092664
KO2612490,0.08149
KO2612491,0.158015
KO2612492,0.034609
KO2612493,0.173314
KO2612494,0.013859
KO2612495,0.074012
KO2612496,0.011846
KO2612497,0.012583
KO2612498,0.040259
KO2612499,0.059132
KO2612500,0.029121
KO2612501,0.04048
KO2612502,0.088763
KO2612503,0.042357
KO2612504,0.055453
KO2612505,0.146379
KO2612506,0.024495
KO2612507,0.010891
KO2612508,0.013412
KO2612509,0.012441
KO2612510,0.205835
KO2612511,0.095206
KO2612512,0.131116
KO2612513,0.120556
KO2612514,0.044141
KO2612515,0.019602
KO2612516,0.114956
KO2612517,0.046167
KO2612518,0.055332
KO2612519,0.023196
KO2612520,0.105016
KO2612521,0.016565
KO2612522,0.028801
KO2612523,0.426486
KO2612524,0.032976
KO2612525,0.06354
KO2612526,0.173581
KO2612527,0.009327
KO2612528,0.537155
KO2612529,0.006319
KO2612530,0.046949
KO2612531,0.332923
KO2612532,0.43814
KO2612533,0.010619
KO2612534,0.224962
KO2612535,0.102213
KO2612536,0.045308
KO2612537,0.082327
KO2612538,0.233796
KO2612539,0.131896
KO2612540,0.015045
KO2612541,0.057727
KO2612542,0.040933
KO2612543,0.195945
KO2612544,0.021491
KO2612545,0.064311
KO2612546,0.017698
KO2612547,0.451667
KO2612548,0.32485
KO2612549,0.165924
KO2612550,0.306458
KO2612551,0.063571
KO2612552,0.155315
KO2612553,0.058778
KO2612554,0.180833
KO2612555,0.040252
KO2612556,0.039155
KO2612557,0.256753
KO2612558,0.04883
KO2612559,0.061331
KO2612560,0.045593
KO2612561,0.089539
KO2612562,0.072996
KO2612563,0.067343
KO2612564,0.044469
KO2612565,0.024871
KO2612566,0.024824
KO2612567,0.065043
KO2612568,0.066998
KO2612569,0.084187
KO2612570,0.027403
KO2612571,0.214933
KO2612572,0.043044
KO2612573,0.077379
KO2612574,0.175124
KO2612575,0.087121
KO2612576,0.025593
KO2612577,0.177294
KO2612578,0.047772
KO2612579,0.029561
KO2612580,0.073401
KO2612581,0.015751
KO2612582,0.087953
KO2612583,0.022841
KO2612584,0.132795
KO2612585,0.160422
KO2612586,0.135144
KO2612587,0.13781
KO2612588,0.026944
KO2612589,0.016122
KO2612590,0.330631
KO2612591,0.04707
KO2612592,0.141686
KO2612593,0.130383
KO2612594,0.03521
KO2612595,0.10968
KO2612596,0.135651
KO2612597,0.060631
KO2612598,0.165697
KO2612599,0.172303
