,std_coef
pay_prepaid_upi,-0.13588313137333505
warranty_months,-0.12949713596357154
ch_partner_outlet,-0.10823341231142239
fam_Induction Cooktop,-0.1007553885900316
fam_Ceiling Fan,-0.08840591464262837
fam_Mixer Grinder,-0.07881141455214309
qty,-0.05772317138469194
prior_return_rate,-0.05462867515258773
pay_emi,-0.04103274548854852
pay_prepaid_card,-0.0369067301042414
ch_app,-0.03689947829835118
has_pincode,-0.010049597448824365
ch_web,0.002003598222420123
dow,0.013674897463453068
hour,0.01786868137237312
fam_Air Fryer,0.019187602762956456
prior_orders,0.02807101749975816
fam_Water Purifier,0.03550371005152683
note_flag,0.057177861377052636
log_value,0.08491868035593947
fam_Room Heater,0.09374632365267616
fam_Robot Vacuum,0.11656153663631294
ch_marketplace,0.11692568454610712
list_price,0.1323381247374381
is_gift,0.1514126587256592
cod,0.20518793447656045
pay_cod,0.20518793447656045
discount_pct,0.2571555868585165
shield,0.40000048004830707
promised_delivery_days,0.4415457675826181
prior_returns,0.5958817191517333
