,n,return_rate,auc,missed_returns,false_flags
shield=0,4936.0,0.09136952998379254,0.759666985541853,189.0,972.0
shield=1,1398.0,0.19027181688125894,0.758897021706209,42.0,568.0
pay=cod,1912.0,0.18514644351464435,0.7333155646453878,60.0,849.0
pay=emi,775.0,0.08516129032258064,0.7763388468607086,31.0,143.0
pay=prepaid_card,1291.0,0.0906274206041828,0.7514305682959856,53.0,204.0
pay=prepaid_upi,2356.0,0.07640067911714771,0.7592498978758169,87.0,344.0
family=Air Fryer,895.0,0.10726256983240223,0.7794117647058822,25.0,258.0
family=Ceiling Fan,943.0,0.06468716861081654,0.8284822125571539,32.0,105.0
family=Induction Cooktop,896.0,0.09263392857142858,0.7801834644852472,42.0,98.0
family=Mixer Grinder,857.0,0.07117852975495916,0.7591646758382075,30.0,108.0
family=Robot Vacuum,929.0,0.20129171151776104,0.7250025224498032,36.0,413.0
family=Room Heater,962.0,0.11954261954261955,0.7330732508598122,39.0,257.0
family=Water Purifier,852.0,0.13380281690140844,0.741370703180716,27.0,301.0
